{"cameraMode":{"drawMode":0,"name":"Shaded","section":"Shading Mode"},"sceneLighting":true,"audioPlay":false,"sceneViewState":{"showFog":true,"showMaterialUpdate":false,"showSkybox":true,"showFlares":true,"showImageEffects":true,"showParticleSystems":true},"in2DMode":false,"pivot":{"x":0.060790058225393298,"y":-0.08272530138492584,"z":-5.36796760559082},"rotation":{"x":0.00781833752989769,"y":0.9882416129112244,"z":-0.1448134183883667,"w":0.053362682461738589},"size":2.7360317707061769,"orthographic":true}